FlashID,PartitionSegmentCode,LightningTimeString,Latitude,Longitude,Height,StrokeType,Amplitude,StrokeSolution,Confidence,FlashDate
176601216,9,2023-05-01T23:59:48.118653655,10.02020,85.72913,12371,1,8605,,100,2023-05-01
176601217,9,2023-05-01T23:59:51.846080064,18.22405,78.02098,15626,1,-6763,,100,2023-05-01
176601218,9,2023-05-01T23:59:59.536843299,21.66810,80.78513,15505,1,-8707,,100,2023-05-01
176601219,9,2023-05-02T00:00:05.566035866,7.44830,87.23558,0,0,-89649,,100,2023-05-02
176601220,9,2023-05-02T00:00:10.027121305,10.38202,74.15528,12023,1,-28805,,100,2023-05-02
176601221,9,2023-05-02T00:00:10.340235471,10.76431,74.64535,0,0,-65937,,100,2023-05-02
176601222,9,2023-05-02T00:00:16.584926128,6.08677,83.46681,19452,1,25011,,100,2023-05-02
176601223,9,2023-05-02T00:00:14.172038316,10.17681,85.31485,0,0,-44934,,100,2023-05-02
176601224,9,2023-05-02T00:00:24.110614180,15.59102,96.92973,9487,1,-12252,,100,2023-05-02
176601225,9,2023-05-02T00:00:29.323301434,11.20116,84.04969,0,0,-36259,,100,2023-05-02
176601226,9,2023-05-02T00:00:24.538851857,11.19617,84.17870,0,0,-40083,,100,2023-05-02
176601227,9,2023-05-02T00:00:27.770234465,10.27236,76.35139,14105,1,-10778,,100,2023-05-02
176601228,9,2023-05-02T00:00:27.518322229,6.51292,88.20318,0,0,-37538,,100,2023-05-02
176601229,9,2023-05-02T00:00:28.182827353,9.60710,84.07816,0,0,37994,,100,2023-05-02
176601230,9,2023-05-02T00:00:30.175406932,10.14111,100.40771,0,0,-12937,,100,2023-05-02
176601231,9,2023-05-02T00:00:32.968136072,9.78043,88.37080,9683,1,-28155,,100,2023-05-02
176601232,9,2023-05-02T00:00:33.174621582,11.16012,74.97468,11924,1,-10866,,100,2023-05-02
176601233,9,2023-05-02T00:00:37.105766654,7.62738,87.29751,0,0,58909,,100,2023-05-02
176601234,9,2023-05-02T00:00:46.854262948,10.93467,74.96965,0,0,-35780,,100,2023-05-02
176601235,9,2023-05-02T00:00:45.715916991,10.22815,85.68833,0,0,-27875,,100,2023-05-02
176601236,9,2023-05-02T00:00:46.822592377,22.36996,83.84244,12544,1,4668,,100,2023-05-02
176601237,9,2023-05-02T00:00:47.049175858